dedupe_rule,duplicates_found,action_taken,reason,,,,,,,,,,,mql_id uniqueness,0,none,mql_id is unique across dataset,,,,,,,,,,,,,,,,,,,,,,,,,,,,,,,,,,,,,,,,"Dedupe Log 

The dedupe_log.csv file was created to document the deduplication process applied during data cleaning and to maintain an audit trail, following CRM data hygiene best practices.

During the analysis, mql_id was used as the primary uniqueness key for identifying duplicate leads. After validating both the Marketing Qualified Leads dataset and the Closed Deals dataset, no duplicate mql_id values were found. This confirms that the dataset is structurally clean with respect to lead-level duplication.

As a result:

No records were removed or merged

The dedupe log contains zero rows of deleted data

The file is intentionally included to demonstrate:

The deduplication rule used

That a formal duplicate check was performed

Transparency and auditability of the cleaning process",,,,,,,,,,,,,,,,,,,,,,,,,,,,,,,,,,,,,,,,,,,,,,,,,,,,,,,,,,,,,,,,,,,,,,,,,,,,,,,,,,,,,,,,,,,,,,,,,,,,,,,,,,,,,,,,,,,,,,,,,,,,,,,,,,,,,,,,,,,,,,,,,,,,,,,,,,,,,,,,,,,,,,,,,,,,,,,,,,,,,,,,,,,,,,,,,,,,,,,,,,,,,,,,,,,,,,,,,,,,,,,,,,,,,,,,,,,,,,,,,,,,,,,,,,,,,,,,,,,,,,,,,,,,,,,,,,,,,,,,,,,,,,,,,,,,,,,,,,,,,,,,,,,,,,,,,,,,,,,,,
